<?xml version="1.0" encoding="UTF-8"?>
<process name="IterateThoughBoards" ns11:description="" ns11:name="IterateThoughBoards" ns11:orgKey="uddi:aa3280c8-b715-11e4-a1d3-e7b0fbac92ac" ns2:processKey="bpel:5e4802f2-b7c7-11e4-a1d3-e7b0fbac92ac" targetNamespace="http://soa.com/processs" xmlns="http://schemas.xmlsoap.org/ws/2003/03/business-process/" xmlns:ns10="http://soa.com/capabilities/service/virtualization/bpel/activity" xmlns:ns11="http://soa.com/bpel/export" xmlns:ns2="http://soa.com/bpel/ext" xmlns:ns3="http://soa.com/capabilities/service/virtualization/bpel" xmlns:ns4="http://schemas.xmlsoap.org/ws/2006/02/addressingidentity" xmlns:ns5="http://www.w3.org/2000/09/xmldsig#" xmlns:ns6="http://docs.oasis-open.org/wss/2004/01/oasis-200401-wss-wssecurity-secext-1.0.xsd" xmlns:ns7="http://docs.oasis-open.org/wss/2004/01/oasis-200401-wss-wssecurity-utility-1.0.xsd" xmlns:ns8="http://schemas.xmlsoap.org/ws/2004/09/mex" xmlns:ns9="http://schemas.xmlsoap.org/ws/2003/05/partner-link/"><ns9:partnerLinkType name="ActivityPortTypeConsumer"><ns9:role name="Consumer"><ns9:portType name="ns10:ActivityPortType"/></ns9:role></ns9:partnerLinkType><ns10:Activities><ns10:Activity ActivityType="ns12:ScriptedActivity" LastUpdated="1426285462168" Name="CreateSpreadsheetsforBoards" xmlns:ns12="http://soa.com/uri/products/activity/script/xsd/1.0"><ns2:ScriptedActivity xmlns="http://soa.com/uri/products/activity/audit/xsd/1.0" xmlns:ns11="http://soa.com/uri/products/activity/script/xsd/1.0" xmlns:ns2="http://soa.com/uri/products/activity/script/xsd/1.0" xmlns:ns3="http://soa.com/uri/products/activity/stripxml/xsd/1.0" xmlns:ns4="http://soa.com/uri/products/activity/xform/xsd/1.0" xmlns:ns5="http://soa.com/uri/products/activity/process/xsd/1.0" xmlns:ns6="http://soa.com/uri/products/activity/insertxml/xsd/1.0" xmlns:ns7="http://soa.com/uri/products/activity/insertcontent/xsd/1.0"><ns11:Language>js</ns11:Language><ns11:Script>// *************************************************************
// *************************************************************
// **
// **  Calls the Trello API hook to ge teh list of Boards
// **  then iterates throught them, calling the iterative script
// **  that queries the Lists for the Board which, in turn,
// **  iterates through the cards in each list.
// **	 So for every Board found a new Google Drive Spreadsheet
// **  is created, with a workseet representing every list on the board
// **  and every row in a worksheet reperesenting each card in the List
// **
// *************************************************************
// *************************************************************
auditLog.debug("processing the get Boards request");

var listboardsResponse = processContext.getVariable("ListBoardsResponse");
auditLog.debug("the result was = " + listboardsResponse.getContentAsString());

var msgJSON = JSON.parse(listboardsResponse.getContentAsString());
var index = 0;
var loop = true;
var result = "true";

while (loop){
	auditLog.debug("board.closed = " + JSON.stringify(msgJSON[index].closed));
	if (msgJSON[index].closed != null &amp;&amp; msgJSON[index].closed != undefined){
		if (msgJSON[index].closed == false){
			//try {
				result = createSpreadsheet(JSON.stringify(msgJSON[index].name).replace(/["]+/g, ''));
				auditLog.debug("Result of calling createSpreadsheet is: " + result);
				result = getTrelloLists(msgJSON[index].id,processContext.getVariable("SpreadsheetKey"));
				auditLog.debug("Result of calling getTrelloLists is: " + result);
			/*}
			catch (e) {
				systemLog.error(String(e));
				auditLog.error(String(e));
				result = "false";
			};	*/
			
			if (result == "false"){
				auditLog.debug("completed the get Boards request with an error");
				loop = false;
			}
		}
	}
	auditLog.debug("board name is: "+msgJSON[index].name);
	index = ++index;
	if (!msgJSON[index]){
		loop = false;
	}
};

auditLog.debug("completed the get Boards request");</ns11:Script><ns11:Import>script:747d74aa-bc97-11e4-bb38-e284774f70a1</ns11:Import><ns11:Import>script:1450bb5c-bf0e-11e4-9e6e-ad9aee9714dc</ns11:Import></ns2:ScriptedActivity></ns10:Activity></ns10:Activities><ns9:partnerLinkType name="Trello_PortTypeConsumer"><ns9:role name="Consumer"><ns9:portType name="ns12:Trello_PortType" xmlns:ns12="https://api.trello.com/1"/></ns9:role></ns9:partnerLinkType><partnerLinks><partnerLink myRole="Consumer" name="Activity" partnerLinkType="ns12:ActivityPortTypeConsumer" xmlns:ns12="http://soa.com/processs"/><partnerLink myRole="Consumer" name="Trello_PortTypePartnerLink" partnerLinkType="ns12:Trello_PortTypeConsumer" xmlns:ns12="http://soa.com/processs"/></partnerLinks><variables><variable messageType="ns12:ActivityMessage" name="message" xmlns:ns12="http://soa.com/process/activity"/><variable messageType="ns12:ActivityMessage" name="fault" xmlns:ns12="http://soa.com/process/activity"/><variable messageType="ns12:ActivityMessage" name="ListBoards" xmlns:ns12="http://soa.com/process/activity"/><variable messageType="ns12:ActivityMessage" name="ListBoardsResponse" xmlns:ns12="http://soa.com/process/activity"/><variable defaultValue="" name="SpreadsheetKey" type="xs:string" xmlns:xs="http://www.w3.org/2001/XMLSchema"/><variable defaultValue="" name="WorksheetKey" type="xs:string" xmlns:xs="http://www.w3.org/2001/XMLSchema"/></variables><sequence><invoke inputVariable="message" name="getListofBoards" operation="GET__members_my_boards" outputVariable="ListBoardsResponse" partnerLink="Trello_PortTypePartnerLink" portType="ns12:Trello_PortType" xmlns:ns12="https://api.trello.com/1"><ns2:InvocationExt service="ns12:Trello_Hook"><ns2:Audit/></ns2:InvocationExt></invoke><invoke inputVariable="message" name="CreateSpreadsheetsforBoards" operation="invoke" outputVariable="message" partnerLink="Activity" portType="ns10:ActivityPortType"><ns2:InvocationExt endpoint="CreateSpreadsheetsforBoards" propagateExchange="true" service="ns10:ActivityService"/></invoke></sequence></process>