<?xml version="1.0" encoding="UTF-8"?>
<Script Id="script:1450bb5c-bf0e-11e4-9e6e-ad9aee9714dc" Name="GetListsPerBoard" xmlns="http://soa.com/capabilities/service/scripting"><Language>js</Language><Import>script:7bd82139-bf09-11e4-9e6e-ad9aee9714dc</Import><Import>script:8b561cea-bfe5-11e4-9e6e-ad9aee9714dc</Import><Source>// *************************************************************
// *************************************************************
// **
// **  Gets the list of Lists in a Trello Board. The Board ID
// **  is passed into the function. Iterates through the list
// **  calling a create worksheet script for every list in the board
// **
// **
// *************************************************************
// *************************************************************

function getTrelloLists(id,key) {
	auditLog.debug("started getTrelloLists");
	var status = "true";
	var error = "";
	//Create new message for invoke
	var trelloLists = msgFactory.create();
	var exchange = msgrService.createExchangeFactory().createInOut();
			
	exchange.setServiceName(String(TrelloIntAPI.Services.TrelloHook.serviceName));
	exchange.setInterfaceName(String(TrelloIntAPI.Services.TrelloHook.interfaceName));
	exchange.setOperationName(String(TrelloIntAPI.Services.TrelloHook.operations.getBoardLists));
	
	//Set the URL 'id' Property
	var paraprop = new java.util.HashMap();
	paraprop.put("board_id", id);					trelloLists.setProperty(TrelloIntAPI.MessageProperties.HTTP_PATH_PARAMS, paraprop);
	
		
		exchange.setInMessage(trelloLists);
		msgrService.getMessenger().send(exchange);
		var response = exchange.getOutMessage();
		if (null == response) {
			auditLog.debug("just about to get the fault");	
		   response = exchange.getFaultMessage();
		};
		
		if (null != response) {
			auditLog.debug("getBoardLists response was: "+response.getContentAsString());
			var work = String(response.getProperty(TrelloIntAPI.MessageProperties.HTTP_STATUS_CODE));
			if (work &amp;&amp; work.length &gt; 0 &amp;&amp; null != work) {
				var rc = Number(work);
				if (rc == 200) {
					//Get content from output message
					work = JSON.parse(response.getContentAsString());
					if (null != work) {
						var index = 0;
						var loop = true;
						var result = "true";
						
						while (loop){
							auditLog.debug("list.closed = " + JSON.stringify(work[index].closed));
							if (work[index].closed != null &amp;&amp; work[index].closed != undefined){
								if (work[index].closed == false) {
									try {
										result = createWorksheet(JSON.stringify(work[index].name).replace(/["]+/g, ''),key);
										auditLog.debug("returned result for worksheet creation is: "+result);
										if (result == "302") {
											var loop2 = true;
											var count = 1;
											while (loop2) {
												result = createWorksheet(JSON.stringify(work[index].name).replace(/["]+/g, ''),key);
												auditLog.debug("returned result for worksheet creation loop is: "+result);
												if (result != "302") {
													loop2 = false;
												} else{
													if (count &gt; 3){
														loop2 = false;
														status = "false";
														error = "Create Worksheet returned a value of "+result;
													}else {
														count = ++count;
													}
												}
											}
										} else {
											if (result != "false"){
												result = getTrelloCards(work[index].id,processContext.getVariable("WorksheetKey"),key);
											} else{
												status = "false";
											}
										}
									}
									catch (e) {
										systemLog.error(String(e));
										auditLog.error(String(e));
										result = "false";
										return "false";
									};	
									
									if (result == "false"){
										auditLog.debug("completed the get Lists request with an error");
										loop = false;
									}
								}
							}
							auditLog.debug("List name is: "+work[index].name);
							index = ++index;
							if (!work[index]){
								loop = false;
							}
						};
					} else {
						error = "Create Worksheet did not return a value";
						status = "false";
					}
				} else {
					error = "Create Worksheet Server returned an error. Status="+String(rc);
					status = "false";
				}
			} else {
				error = "Create Worksheet Server response has no HTTP status";
				status = "false";
			}
		} else {
			error = "No response received from Google Drive Server";
			status = "false";
		};
	auditLog.debug("finished getTrelloLists");
	return status;
}
</Source></Script>