<?xml version="1.0" encoding="UTF-8"?>
<ActivityGraph xmlns="http://soa.com/uri/products/activity/graph/xsd/1.0"><PositionElements><Position ActivityName="Initialise"><XPosition>90</XPosition><YPosition>100</YPosition></Position><Position ActivityName="CreateBoards"><XPosition>220</XPosition><YPosition>100</YPosition></Position><Position ActivityName="Branch1"><XPosition>230</XPosition><YPosition>220</YPosition></Position><Position ActivityName="CreateSuccessMessage"><XPosition>400</XPosition><YPosition>220</YPosition></Position><Position ActivityName="CreateBoardErrorResponse"><XPosition>220</XPosition><YPosition>320</YPosition></Position></PositionElements></ActivityGraph>