<?xml version="1.0" encoding="UTF-8"?>
<process name="MainProcess" ns11:description="" ns11:name="MainProcess" ns11:orgKey="uddi:aa3280c8-b715-11e4-a1d3-e7b0fbac92ac" ns2:processKey="bpel:bb0a2842-b7c6-11e4-a1d3-e7b0fbac92ac" targetNamespace="http://soa.com/processs" xmlns="http://schemas.xmlsoap.org/ws/2003/03/business-process/" xmlns:ns10="http://soa.com/capabilities/service/virtualization/bpel/activity" xmlns:ns11="http://soa.com/bpel/export" xmlns:ns2="http://soa.com/bpel/ext" xmlns:ns3="http://soa.com/capabilities/service/virtualization/bpel" xmlns:ns4="http://schemas.xmlsoap.org/ws/2006/02/addressingidentity" xmlns:ns5="http://www.w3.org/2000/09/xmldsig#" xmlns:ns6="http://docs.oasis-open.org/wss/2004/01/oasis-200401-wss-wssecurity-secext-1.0.xsd" xmlns:ns7="http://docs.oasis-open.org/wss/2004/01/oasis-200401-wss-wssecurity-utility-1.0.xsd" xmlns:ns8="http://schemas.xmlsoap.org/ws/2004/09/mex" xmlns:ns9="http://schemas.xmlsoap.org/ws/2003/05/partner-link/"><ns9:partnerLinkType name="ActivityPortTypeConsumer"><ns9:role name="Consumer"><ns9:portType name="ns10:ActivityPortType"/></ns9:role></ns9:partnerLinkType><ns10:Activities><ns10:Activity ActivityType="ns12:ScriptedActivity" LastUpdated="1425961163254" Name="Initialise" xmlns:ns12="http://soa.com/uri/products/activity/script/xsd/1.0"><ns2:ScriptedActivity xmlns="http://soa.com/uri/products/activity/audit/xsd/1.0" xmlns:ns11="http://soa.com/uri/products/activity/script/xsd/1.0" xmlns:ns2="http://soa.com/uri/products/activity/script/xsd/1.0" xmlns:ns3="http://soa.com/uri/products/activity/stripxml/xsd/1.0" xmlns:ns4="http://soa.com/uri/products/activity/xform/xsd/1.0" xmlns:ns5="http://soa.com/uri/products/activity/process/xsd/1.0" xmlns:ns6="http://soa.com/uri/products/activity/insertxml/xsd/1.0" xmlns:ns7="http://soa.com/uri/products/activity/insertcontent/xsd/1.0"><ns11:Language>js</ns11:Language><ns11:Script>// *************************************************************
// *************************************************************
// **
// **  reset the ErrorMessage variable
// **
// **
// *************************************************************
// *************************************************************
processContext.setVariable("ErrorMessage","");</ns11:Script></ns2:ScriptedActivity></ns10:Activity><ns10:Activity ActivityType="ns12:ProcessActivity" LastUpdated="1425961163254" Name="CreateBoards" xmlns:ns12="http://soa.com/uri/products/activity/process/xsd/1.0"><ns5:ProcessActivity xmlns="http://soa.com/uri/products/activity/audit/xsd/1.0" xmlns:ns11="http://soa.com/uri/products/activity/process/xsd/1.0" xmlns:ns2="http://soa.com/uri/products/activity/script/xsd/1.0" xmlns:ns3="http://soa.com/uri/products/activity/stripxml/xsd/1.0" xmlns:ns4="http://soa.com/uri/products/activity/xform/xsd/1.0" xmlns:ns5="http://soa.com/uri/products/activity/process/xsd/1.0" xmlns:ns6="http://soa.com/uri/products/activity/insertxml/xsd/1.0" xmlns:ns7="http://soa.com/uri/products/activity/insertcontent/xsd/1.0" xmlns:ns8="http://docs.oasis-open.org/wss/2004/01/oasis-200401-wss-wssecurity-utility-1.0.xsd"><ns11:ProcessID>bpel:5e4802f2-b7c7-11e4-a1d3-e7b0fbac92ac</ns11:ProcessID></ns5:ProcessActivity></ns10:Activity><ns10:Activity ActivityType="ns12:ScriptedActivity" LastUpdated="1425961163254" Name="CreateSuccessMessage" xmlns:ns12="http://soa.com/uri/products/activity/script/xsd/1.0"><ns2:ScriptedActivity xmlns="http://soa.com/uri/products/activity/audit/xsd/1.0" xmlns:ns11="http://soa.com/uri/products/activity/script/xsd/1.0" xmlns:ns2="http://soa.com/uri/products/activity/script/xsd/1.0" xmlns:ns3="http://soa.com/uri/products/activity/stripxml/xsd/1.0" xmlns:ns4="http://soa.com/uri/products/activity/xform/xsd/1.0" xmlns:ns5="http://soa.com/uri/products/activity/process/xsd/1.0" xmlns:ns6="http://soa.com/uri/products/activity/insertxml/xsd/1.0" xmlns:ns7="http://soa.com/uri/products/activity/insertcontent/xsd/1.0"><ns11:Language>js</ns11:Language><ns11:Script>// *************************************************************
// *************************************************************
// **
// **  place the success message into the response
// **
// **
// *************************************************************
// *************************************************************
var error = msgFactory.create("application/json");
var content = '{"status":"Success", "detail":"Your Trello Boards have been exported to google Drive"}';

var msgJSON = JSON.parse(content);

error.setStringContent(JSON.stringify(msgJSON));

processContext.setVariable("message", error);</ns11:Script></ns2:ScriptedActivity></ns10:Activity><ns10:Activity ActivityType="ns12:ScriptedActivity" LastUpdated="1425961163254" Name="CreateBoardErrorResponse" xmlns:ns12="http://soa.com/uri/products/activity/script/xsd/1.0"><ns2:ScriptedActivity xmlns="http://soa.com/uri/products/activity/audit/xsd/1.0" xmlns:ns11="http://soa.com/uri/products/activity/script/xsd/1.0" xmlns:ns2="http://soa.com/uri/products/activity/script/xsd/1.0" xmlns:ns3="http://soa.com/uri/products/activity/stripxml/xsd/1.0" xmlns:ns4="http://soa.com/uri/products/activity/xform/xsd/1.0" xmlns:ns5="http://soa.com/uri/products/activity/process/xsd/1.0" xmlns:ns6="http://soa.com/uri/products/activity/insertxml/xsd/1.0" xmlns:ns7="http://soa.com/uri/products/activity/insertcontent/xsd/1.0"><ns11:Language>js</ns11:Language><ns11:Script>// *************************************************************
// *************************************************************
// **
// **  place the error message into the response
// **
// **
// *************************************************************
// *************************************************************
var error = msgFactory.create("application/json");
var content = '{"status":"Error", "detail":"'+processContext.getVariable("ErrorMessage")+'"}';

var msgJSON = JSON.parse(content);

error.setStringContent(JSON.stringify(msgJSON));

processContext.setVariable("message", error);</ns11:Script></ns2:ScriptedActivity></ns10:Activity></ns10:Activities><partnerLinks><partnerLink myRole="Consumer" name="Activity" partnerLinkType="ns12:ActivityPortTypeConsumer" xmlns:ns12="http://soa.com/processs"/></partnerLinks><variables><variable messageType="ns12:ActivityMessage" name="message" xmlns:ns12="http://soa.com/process/activity"/><variable messageType="ns12:ActivityMessage" name="fault" xmlns:ns12="http://soa.com/process/activity"/><variable defaultValue="" name="Token" type="xs:string" xmlns:xs="http://www.w3.org/2001/XMLSchema"/><variable defaultValue="" name="Key" type="xs:string" xmlns:xs="http://www.w3.org/2001/XMLSchema"/><variable defaultValue="" name="ErrorMessage" type="xs:string" xmlns:xs="http://www.w3.org/2001/XMLSchema"/><variable name="BoardArray" type="xs:any" xmlns:xs="http://www.w3.org/2001/XMLSchema"/><variable name="ListArray" type="xs:any" xmlns:xs="http://www.w3.org/2001/XMLSchema"/><variable name="CardArray" type="xs:any" xmlns:xs="http://www.w3.org/2001/XMLSchema"/><variable name="SpreadSheets" type="xs:any" xmlns:xs="http://www.w3.org/2001/XMLSchema"/></variables><sequence><invoke inputVariable="message" name="Initialise" operation="invoke" outputVariable="message" partnerLink="Activity" portType="ns10:ActivityPortType"><ns2:InvocationExt endpoint="Initialise" propagateExchange="true" service="ns10:ActivityService"/></invoke><invoke inputVariable="message" name="CreateBoards" operation="invoke" outputVariable="message" partnerLink="Activity" portType="ns10:ActivityPortType"><ns2:InvocationExt endpoint="CreateBoards" propagateExchange="true" service="ns10:ActivityService"/></invoke><switch name="Branch1" ns2:expressionLanguage="js"><case condition="&lt;?xml version=&quot;1.0&quot; encoding=&quot;UTF-8&quot; standalone=&quot;yes&quot;?>&lt;Script xmlns=&quot;http://soa.com/capabilities/service/scripting&quot;>&lt;Language>js&lt;/Language>&lt;Source>if (processContext.getVariable(&quot;ErrorMessage&quot;) == &quot;&quot;){&#xa;true&#xa;};&lt;/Source>&lt;/Script>" ns2:inputVariable="" ns2:label="No_Errors"><sequence><invoke inputVariable="message" name="CreateSuccessMessage" operation="invoke" outputVariable="message" partnerLink="Activity" portType="ns10:ActivityPortType"><ns2:InvocationExt endpoint="CreateSuccessMessage" propagateExchange="true" service="ns10:ActivityService"/></invoke></sequence></case><otherwise><sequence><invoke inputVariable="message" name="CreateBoardErrorResponse" operation="invoke" outputVariable="message" partnerLink="Activity" portType="ns10:ActivityPortType"><ns2:InvocationExt endpoint="CreateBoardErrorResponse" propagateExchange="true" service="ns10:ActivityService"/></invoke></sequence></otherwise></switch></sequence></process>